PassengerID,PassengerName,Age,Email,Phone
1,Aaron Smith,50,samanthamorse@martin.com,(879)156-0629
2,Diana Miller,59,travisjay@mitchell.org,(946)246-4947
3,Angela Johnson,47,garciabrooke@cummings.net,(918)069-6904x0049
4,William Miller,35,qjames@hotmail.com,563-424-6733
5,Charles Alexander,60,richardoconnor@hotmail.com,824-853-8325x852
6,Chad Smith,61,halemichael@wood-green.com,(977)777-0852
7,Christopher Martinez,29,dsellers@lane.com,001-019-536-2557
8,Juan Diaz,61,kimberlymurray@velez-barajas.com,(786)817-0585x287
9,Michael Harris,19,hramos@gmail.com,(118)549-9651
10,Shawn Brown,26,qreeves@hotmail.com,001-757-208-3268x04793
11,Anthony Watson,64,garnerkevin@saunders.org,533.289.8028x43188
12,Willie Moore,25,bpittman@hill.biz,+1-582-062-1013
13,Travis Cook,52,perrysara@yahoo.com,434-081-7327
14,Johnathan Stewart,39,cterry@mcintosh-ray.com,024.881.9080x74167
15,Kristie Sweeney,62,hartmatthew@gmail.com,074-810-2014x72408
16,Russell Young,70,thomas80@hotmail.com,001-415-393-8376x1615
17,Ronald Thompson,32,mitchelldonald@gmail.com,001-322-214-2895x49337
18,Jennifer Brown,38,isaacdavidson@woods-fuller.info,(256)273-0919
19,Lisa Olson,54,mackenziehanna@rowland.com,(613)418-0630x86269
20,Matthew Jackson,48,christopherhenson@ramsey-pope.com,001-856-566-4114x422
21,Kathleen Moses,32,wturner@gmail.com,985.423.3762x0889
22,Robert Edwards,60,leahhenderson@hotmail.com,+1-754-344-4352x8410
23,Sarah Ramsey,37,vjohnson@hunt.com,519.990.5059x33095
24,Marie Barker,21,holtamanda@hernandez-flores.com,288-037-5464
25,Vanessa Hicks,20,johnsongary@hotmail.com,(092)871-6419x6685
26,Mark Wilson,20,alvarezcourtney@martinez.com,6256537388
27,Tyler Robinson,37,cheyennewheeler@santiago-davis.com,305-918-7661x5559
28,Courtney Garza,69,diana54@taylor.com,3239148117
29,Daniel Gilmore,21,paulmegan@rodriguez.biz,001-946-902-5158
30,Jack Mcdonald,49,lydiastewart@yahoo.com,(055)349-1206
31,John Jones,54,sherrinelson@yahoo.com,797-690-7133
32,Jessica Gonzales,62,kaitlyn80@edwards-williams.info,086.390.5233x301
33,Nicholas Rogers,24,owilliams@yahoo.com,001-912-723-7662
34,Michael Hall,35,richardstammy@yahoo.com,819.641.8147x95561
35,Jenna Leonard,30,tammy11@parker.org,(511)791-5868
36,Kathy Wilson,26,eochoa@griffin-lowe.info,001-123-778-7139x549
37,Stephen Lopez,42,craigadkins@hotmail.com,324.179.2623
38,Jose Cummings,47,justinanderson@hunter-quinn.com,+1-359-412-2786x5915
39,Stanley Brown,26,erincruz@hill-murphy.com,001-277-648-4621x09551
40,Jamie Velez,54,vfox@scott.net,804-952-3496x073
41,Taylor Valdez,63,johnsonjoseph@gmail.com,758.010.7449x739
42,Paul Evans,25,ritterrobert@williams.com,001-943-178-1851
43,Savannah Meza,20,lisa29@murphy-mclaughlin.org,(943)675-4212x162
44,Brandon Schwartz,26,russelljustin@yahoo.com,+1-080-014-2558x2931
45,David Lynch,40,andrewsingleton@wang-hicks.org,326-666-8360
46,Cody Jacobs,18,riverajoshua@yahoo.com,+1-360-925-3419x80603
47,Laura Tucker,24,jacquelinemoore@yahoo.com,2734902158
48,Steven Mills,42,huberkenneth@flores.com,698.452.8697x3089
49,Catherine White,50,ewaller@hart-gibson.net,619-943-3420x0161
50,Jeffrey Martinez,23,davidclark@lucas-herman.net,268.812.5941x8165
51,Vanessa Williams,54,miranda17@jacobs-anderson.com,7034407461
52,Monique Green,49,snewton@yahoo.com,434-762-0500
53,Cynthia Lawson,41,ccunningham@foster.com,9151866056
54,Rhonda Barton,53,andrewnguyen@yahoo.com,+1-671-022-3845
55,Antonio Ramos,32,carriebaker@hotmail.com,326.830.0700
56,Lori Jones,64,michelle87@james-garcia.org,+1-004-049-3865x376
57,Justin Calhoun,58,tanya79@weeks.com,(039)499-5602x478
58,Ronald Schultz,48,theresarose@hotmail.com,(529)135-3550x976
59,April Jarvis,26,rwright@hatfield.com,(206)434-3715
60,Karen Ruiz,67,randerson@gmail.com,3343364224
61,Jennifer Murphy,58,sawyermichelle@yahoo.com,(382)035-1556x044
62,Heather Simpson,19,yorkjeffrey@baldwin.com,(359)343-7096x31344
63,Danny Walker,67,antonio66@perez-rowe.com,+1-583-736-4577
64,Jordan Walker,62,iellison@yahoo.com,622-477-5281
65,Amanda Krueger,51,zlawson@gmail.com,(289)505-6911x67805
66,Douglas Benitez,34,paul21@hotmail.com,(031)867-6684
67,Amanda Smith,29,cassandrabaker@yahoo.com,662-932-8387x4987
68,Zachary Williams,63,michaelstrong@hotmail.com,+1-637-697-2695x550
69,Stephen White,68,mark51@yahoo.com,935-948-7692x367
70,Joseph Bentley,39,ttaylor@gmail.com,+1-161-673-8157x461
71,Sherry Velez MD,34,ann17@yahoo.com,0671325653
72,Aaron Walker,41,katrina96@pham-thomas.com,+1-193-048-3263x76591
73,Kyle Farrell,45,daniel69@hotmail.com,+1-511-774-9872x84684
74,Heather Cole,40,wardconnie@hotmail.com,374.768.6494x87987
75,Taylor Mckee,70,marymckinney@carson-jackson.biz,001-861-777-1856x893
76,Megan Fischer,69,jrobertson@gmail.com,+1-020-862-6552
77,Gloria Sanders,32,doughertykimberly@manning.net,001-605-158-0538x588
78,Brittany Sanchez,27,bishoptiffany@gmail.com,910.079.9417
79,Victoria Mitchell,27,taylor78@wagner.com,001-013-388-0270x392
80,Tonya Johnson,22,xhall@yahoo.com,074.945.1626x3326
81,Jeffrey Atkins,18,rachel89@gmail.com,259-332-5865
82,Justin Hicks,66,jack31@flores.com,9402097247
83,Ashley Conner,38,martinlawrence@hotmail.com,+1-407-097-8404
84,Melissa Kelly,52,uhenderson@gmail.com,001-517-569-1624x68949
85,Hannah Brooks,53,williamsjessica@hotmail.com,726-497-3023x6048
86,Monica Haas,60,gail02@butler-sharp.biz,448-508-1823
87,Brian Jones,39,michaelrodriguez@gmail.com,+1-809-639-1856
88,Dillon Smith,58,markcopeland@smith.org,(179)790-6083x5031
89,Lori Miller,35,kyle17@li.com,(926)833-2496
90,Brenda Todd,24,ryan27@hotmail.com,0986618098
91,Michelle Lewis,34,fieldsmolly@jones.com,292-015-2009
92,Richard Sutton,36,chelsea93@gmail.com,(800)215-9694x1247
93,Timothy Mitchell DVM,56,todd55@yahoo.com,244-886-3046x371
94,Paul Baker,70,carpentercaitlin@austin-park.com,+1-671-509-9484
95,Toni Harding,39,yatesholly@murphy.com,+1-018-979-0921x9858
96,Amber Guzman,46,usnyder@baldwin.org,001-402-046-7320
97,Sara Guerrero,70,blopez@yahoo.com,+1-342-678-0035x309
98,Christina Cooke,24,andreholt@hutchinson.com,+1-997-992-3309x692
99,Maria Garner,61,bennettjeanne@hotmail.com,+1-280-840-7224x395
100,John Contreras,20,stephenstony@gibson.com,001-560-784-2254
101,Patrick Porter,53,lacey11@gmail.com,311.975.6142
102,Jack Haynes,20,victoriaashley@phillips-smith.com,+1-125-968-5812x058
103,Tanner Figueroa,32,sophiabrown@hotmail.com,(648)860-3329
104,Louis Wang,52,mcampbell@sampson.com,3294485269
105,Paul Lopez,61,perrytimothy@gmail.com,(383)373-9159x313
106,Edward Steele,69,anita50@gmail.com,606.944.6371x89427
107,Dr. Patricia Henry,58,jerrywatson@diaz.biz,042.892.2191
108,Kevin Rhodes,67,boltonmonique@yahoo.com,886.602.9304
109,Nicholas Mejia,52,snyderjody@reyes.org,(270)364-2527
110,Kelly Hall,25,ebuckley@hotmail.com,770-044-8403
111,Jerry Johnson,27,philipmoore@coleman.com,001-873-423-0139
112,Rachel Phillips,42,nancyjohnson@lewis-dickerson.com,248.610.1993x0772
113,Gordon Mathis,62,brucebrown@yahoo.com,+1-630-887-0547x383
114,Frederick Torres,27,werneramber@gmail.com,+1-953-641-9180x3607
115,Joshua Keller,62,morrislee@mason.info,018-167-3486x06610
116,Michael Patrick,33,chanderrick@long.net,660-458-1720x863
117,Dr. Lonnie Huff,26,raymondchapman@hotmail.com,596.459.7787x029
118,David Butler,27,williambrown@potter-yang.biz,207.877.9825
119,Taylor Klein,33,ritathompson@hotmail.com,(143)615-7072
120,Eric Ellis,44,matthew14@gmail.com,3312716705
121,Eric Watson,62,amywilliams@williams.info,779.509.9868x8531
122,Roberto Edwards,61,martinezbrian@hotmail.com,166.017.1981
123,Jesus Velez,39,gina32@meyer.com,(072)087-6240
124,Cassidy Page,66,fgarcia@gmail.com,001-199-605-2670x31851
125,Tim Rodriguez,27,kevinmarquez@hotmail.com,4004619122
126,Steven Bond,40,crystal64@yahoo.com,(363)266-0805
127,Anna Ashley,59,katelyn03@robinson-whitney.com,(900)656-9591x2246
128,Daniel Riggs,19,mendezbriana@hotmail.com,+1-031-286-6251x3631
129,Michele Erickson,41,stevenschristine@hotmail.com,133-502-2726x5859
130,Steven Moore,27,margaret34@hotmail.com,(989)806-3687
131,Daniel Ruiz,50,solomonchristine@smith.com,001-032-259-2225x985
132,James Harris,64,awright@nelson.net,768.075.2006x036
133,Eric Harris,20,andrea24@shannon.org,242-986-7134
134,Tamara Mosley,20,uheath@richardson.com,476-777-6563
135,Heather Blake,24,andrew25@gmail.com,549-248-9250
136,Angela Myers,66,boltonjeremy@hotmail.com,111.757.2207x32267
137,Robert Rodriguez,51,victoria11@holt.com,577.518.8191
138,Becky Henderson,31,osmith@patterson.info,(939)965-3201
139,Kevin Mccormick,53,matthewbush@hotmail.com,(377)616-7880x4143
140,Derek George,35,evelynlee@yahoo.com,969.776.1110x99040
141,Troy Kennedy,35,pattersontammy@hall.org,(569)509-2568
142,Anna Thompson,21,gsutton@yahoo.com,001-218-325-0121x13194
143,Timothy Smith,55,melissa00@yahoo.com,001-258-539-0037
144,Cynthia Hodges,57,robertsandrew@yahoo.com,640.586.2985x773
145,Scott Gonzales,32,paulamckee@yahoo.com,(637)398-3664
146,Stanley Valdez,69,fmoyer@thornton-lewis.com,001-598-876-1871
147,Chad Beltran,33,ehendricks@hotmail.com,+1-825-175-6998x60419
148,David Gordon,18,janet93@young-campbell.com,+1-222-308-0726x465
149,Mark Smith,65,richardsonzachary@garcia-hicks.info,(715)270-8717x012
150,Donna Rios,39,ghinton@scott.com,5719273683
151,Joseph Williams,48,mikelynch@thomas.com,398.457.3896
152,Natasha Davis,63,michael05@simmons.org,001-501-165-3553
153,Kevin Porter,39,martinezandrew@hotmail.com,111-535-0551x492
154,Rebecca Valdez,40,kwhite@smith-thompson.biz,+1-243-600-3758
155,Phillip Henry,46,vincent04@young.biz,(909)604-7929
156,Heidi Hart,23,kelly76@bailey.com,683-520-4091x276
157,Adam Miller,60,lwilliams@wallace.com,+1-209-176-3753x99927
158,Charles Wright,21,katherine59@walton-knapp.biz,(902)225-8601
159,Melissa Thomas,69,pjefferson@yahoo.com,625.925.3129x0252
160,Amber Jordan,49,udyer@gmail.com,(502)947-1919x530
161,Jenna Calhoun,37,christopher88@johnson.com,001-783-577-9072
162,Mr. Dennis Whitney,40,castillorachael@olson.com,+1-386-255-8166x50556
163,Steven Mack,27,timothy47@meyers.net,325.902.0063x219
164,Nathan Flores,57,brian68@hotmail.com,824.543.8005x86612
165,Patricia Moreno,50,tracy24@hotmail.com,+1-367-632-4287
166,Sharon Hudson,60,xweiss@stephens.net,001-556-812-6219x1873
167,Chad Pope,24,alexis68@diaz.org,919.052.4715x6939
168,Gerald Wilson,19,ernestlittle@gmail.com,(462)046-5009x2947
169,David Webb,52,dustinhamilton@hotmail.com,687-876-9951
170,Jill Parker,46,isanchez@yahoo.com,061.349.7289
171,Jose Caldwell,29,samantha84@holmes-hood.biz,(176)482-9089
172,Anthony Scott,28,kellybrown@gmail.com,506-969-0816
173,Tracie Maldonado,24,rebecca03@cox.com,+1-928-250-8131
174,Luke Austin,25,valeriehill@hotmail.com,(566)491-0694x30172
175,Franklin Cameron,63,fieldslori@walsh.org,399.395.5013x05696
176,Christopher Lamb,23,ramosana@hotmail.com,388.316.4129x79112
177,Leah Shelton,61,dtorres@hotmail.com,001-076-277-9661x2450
178,Natalie Ochoa,66,echavez@bird.com,311.632.3521
179,Tiffany White,63,xsmith@yahoo.com,9052815312
180,Randy Thomas,49,zharris@green.org,403-596-7915x8002
181,Holly Gates,65,wilsonkathryn@hotmail.com,001-180-985-6710x48419
182,Mary Phillips,22,klinejill@duffy.net,(720)858-4399x0086
183,Deborah Bell,59,yuthomas@turner.com,034-157-3286x555
184,Christine Cox,52,jamesgeorge@pham.com,+1-025-587-9045x053
185,Matthew Pacheco,33,richardsonjessica@yahoo.com,3220240492
186,Sandra White,56,christopher13@hotmail.com,(044)486-6820x9793
187,Christopher Snyder,29,ashley98@patterson-lewis.org,713.082.9064x57403
188,Benjamin Miller,51,rebeccaholloway@hotmail.com,(520)299-6258
189,Jared Sanders,18,greeneherbert@pearson.com,001-689-894-7013x513
190,Robert Mendez,52,john05@mcdowell-lopez.com,449.572.0049x517
191,Dana Daniels,47,shannonjarvis@hotmail.com,889-858-6829
192,Jennifer Miller,33,joseph20@watkins-villa.info,001-682-723-4052
193,James English,68,vickie28@rice-reynolds.com,(757)232-6624x69233
194,Walter Hernandez,18,kevin35@bell.com,(647)476-1133x020
195,Paul Thomas,47,darleneramirez@hotmail.com,148.773.2074x7349
196,William Adams,34,mbaker@tucker.com,+1-283-942-0560x9921
197,Michelle Solis,58,dmartin@nguyen.org,(550)185-4231
198,Jessica Garcia,42,roachashley@juarez.com,(503)324-0071x20778
199,Jamie Walker,37,jessica16@hester.com,602.654.6858x2603
200,Donald Gutierrez,33,cparker@palmer.com,7533747483
201,William Hamilton,32,brittneyjordan@dunn.org,(587)166-5270
202,Marc Nielsen,59,johnsonnatalie@hotmail.com,+1-065-432-9671x62863
203,Steven Williams,47,ryan67@hotmail.com,001-803-377-4095x5175
204,William Harris,47,wrivera@yahoo.com,+1-114-237-4595x9631
205,James Davila,18,christopherthomas@gmail.com,421-792-0082x975
206,Ashley Cohen,60,pnunez@curtis.net,001-789-081-5460x515
207,Rachel Robinson,34,emily22@hotmail.com,527-530-9396
208,Hunter Phillips,68,kristinenelson@cochran-jones.com,905-502-8398x7976
209,Carrie Jones,19,wroy@gomez.biz,+1-541-604-9367x7812
210,Paul Hill,19,philipsmith@hotmail.com,872.861.0557
211,Jose Murphy,42,michelle10@morgan-nelson.com,707.311.1524
212,Janet Williams,28,imurray@gmail.com,001-280-968-3061x3897
213,Christina Williams,34,johnpowell@hale.com,001-470-217-4932x475
214,William Morales,34,hallsabrina@gmail.com,(951)755-9834x843
215,Annette Perry,31,shawnstephens@vaughn.org,093.451.4200x21817
216,Lisa Jones,62,aturner@hotmail.com,136.845.7728x9564
217,Angela Cole,40,blee@bell.com,234-697-3852x87705
218,Diana Garcia,69,bdean@lee-hart.com,+1-896-268-3306x460
219,Michael Solis,29,blevinsderrick@yahoo.com,001-256-636-0910x6320
220,Monica Cox,44,andrewwilliams@yahoo.com,001-128-145-3203x47334
221,Crystal Simmons,51,mharrington@hotmail.com,(957)370-1030
222,Denise Stokes,24,terrymatthew@yahoo.com,001-470-771-7072
223,Alexander Cordova,31,lalexander@hotmail.com,604-711-2512x4673
224,Mr. Ryan Porter DDS,45,rbeard@hotmail.com,4967059957
225,Shirley Adams,37,sabrinastewart@hoffman.com,438-672-7507x615
226,Patrick Knight,53,cheryloconnell@gmail.com,343-861-7859x8542
227,Nicholas Johnson,57,campbellkathryn@castillo.com,179-834-9547
228,Steven Schneider,38,roy59@hotmail.com,(415)693-7192x4900
229,Jeffery Thompson,51,curtisnash@hotmail.com,+1-658-579-0925x6437
230,Patricia Adams,20,craiggonzalez@boyle-johnson.net,(238)059-7223x128
231,Robin Snyder,21,williamspamela@hotmail.com,097-766-2485x7946
232,Joel Benson,59,josephking@hughes-stewart.com,224-835-2978x291
233,Dr. Abigail Delacruz,30,tlopez@hotmail.com,099.123.9570
234,Veronica Combs,34,hfarrell@wong.com,(013)257-1220
235,Shawn Jordan,22,tinalee@landry-smith.com,830-519-2800x1180
236,Katie Parker,51,jenningspeter@hotmail.com,+1-367-774-0391x8534
237,Sabrina Lopez,65,rowejulie@meyers.org,001-441-936-4502x57775
238,John Reynolds,50,hillmarcus@hotmail.com,+1-904-405-9233
239,Steven Johnson,20,danielsmith@ford-foster.com,001-916-722-4371x1876
240,David Casey,55,tcampbell@davis.com,348.693.8286x0341
241,Jessica Nixon,54,jerry92@caldwell-harvey.com,893-321-5717x466
242,Lisa Thomas,50,clarkangela@hotmail.com,001-089-575-5657
243,Stephanie Stephenson,45,toddwilson@moore.org,794.601.9112x9475
244,Emily Mack,67,ilopez@tucker-jones.com,+1-163-508-1572x22236
245,Robert Kent,69,sarahcoleman@rivera.com,663.030.5192x1788
246,Christian Ortiz,36,ellisonjenny@white.info,+1-344-569-6850x240
247,April Hancock,26,gwendolyn61@cook-vincent.com,001-238-092-3131x43257
248,Nichole Weaver,63,denisewarren@bradley.com,001-757-301-9215x74436
249,Lisa Hudson,55,kylemiller@christensen-shields.net,804.699.4607x733
250,Andrea Hays,27,millererika@gmail.com,758.935.7032
251,Rachel Mendoza,67,tmurphy@hotmail.com,(797)854-9683
252,Jimmy Jackson,21,jessicayoder@yahoo.com,329.621.4137
253,Jacob Wright,43,richard22@gray.org,274.524.1340
254,Melanie Lynn,19,sharon89@lynch.com,040.135.6343x275
255,Brian Kane,24,wilkinsoncarolyn@gmail.com,5446132159
256,Daniel Johnson,43,joshua20@brown.com,671.213.4289x200
257,Richard Woods,48,owells@hotmail.com,176.753.8652x77435
258,Dana Atkins,30,dustin96@yahoo.com,138.709.9126x4070
259,Mary Hamilton,53,kcline@horn.com,0279661397
260,Luke Harris,26,mclaughlinanthony@hotmail.com,001-006-997-0973
261,James Mendez,51,amy87@bradley-fletcher.net,001-553-436-3785x5040
262,William Wilson,56,matthewwilliams@hotmail.com,(288)050-2744x5132
263,Jasmine Hensley,25,richardwelch@yahoo.com,+1-181-257-0700
264,Adam Burgess,34,meganthompson@flores-richards.com,0981989202
265,John Gibson,68,floreselizabeth@yahoo.com,001-274-816-4355x9022
266,Michael Cooley,54,yturner@yahoo.com,001-770-849-1634x455
267,Joseph Koch,24,umendoza@yahoo.com,+1-389-348-0597x785
268,Sophia Green,44,nancyharmon@parks-hawkins.biz,589-653-5384x7650
269,Dr. Lisa Ewing,60,crystalpeterson@frank-barnett.com,588.859.2214x24201
270,Michelle Alvarado,21,stewartholly@gmail.com,6698602599
271,Donna Wells,51,leslie02@warner.biz,996.728.0286
272,David Green,65,tpearson@hotmail.com,305-297-8742
273,Jessica Thompson,50,thomasmann@howard-ellis.info,+1-708-590-8537x6446
274,Natasha Estes,43,wbeck@anderson-thompson.com,+1-413-587-8258
275,Brittany Herrera,19,zramos@gmail.com,(434)823-8504x729
276,Christopher Lewis,57,christopher18@hotmail.com,551-635-9567x9135
277,Gregory Jones,53,oweeks@torres-stewart.com,(850)616-4255
278,Theresa Conner,24,joseph01@roberson.com,8773316889
279,Shawn Ray Jr.,40,theresa61@gmail.com,134-378-5292x351
280,Daniel Ponce,40,ashleyfriedman@pope.com,346.312.9349
281,Tommy Thompson,68,mpotter@yahoo.com,001-001-320-9213
282,Karen Spears,59,steven50@hotmail.com,736.585.2189
283,Kristin Dodson,54,ahughes@burch.com,1573116362
284,Cindy Wright,21,emilymiller@jimenez-mayer.com,+1-627-655-5490x8423
285,Robert Williams,26,tholt@powell.com,+1-673-207-4965
286,Tiffany Garcia,41,mgibson@brown.com,001-002-545-4318x972
287,Courtney Wilson,48,scott00@gmail.com,210-967-8666x948
288,Ryan Riddle,54,ufarmer@burnett.biz,001-599-044-5223x7858
289,Anna Perez,32,frances35@garcia-hernandez.com,(072)178-5109
290,Jordan Lawrence,20,oibarra@barnes.biz,043.686.4259
291,Matthew Patel,24,knightalyssa@hotmail.com,001-175-385-6996
292,Karen Lester,23,karen51@winters.com,713.044.3418
293,Jessica Pruitt,22,cooksharon@hotmail.com,(317)168-3077x150
294,Lisa Downs,35,emccarty@smith-pierce.info,672.132.3448x209
295,Christopher Perez,64,yorkthomas@gmail.com,+1-908-814-9449x7339
296,Mrs. Amy Scott,24,charles76@clark.com,902-751-8723
297,Richard Holland,61,ybanks@hotmail.com,001-087-623-3141x378
298,Amanda Gray,26,joshuahull@hoover.org,583.599.4358x863
299,Matthew Roman,34,walteredwards@johnston.info,001-498-431-4416x09625
300,Patrick Johnson,67,ubrown@gmail.com,(645)081-0239
301,Dominique Castillo,41,jonesrebecca@diaz.com,7709195975
302,Richard Richards,38,autumnvazquez@johnson-schmidt.com,+1-365-769-9532x1075
303,Christopher Wagner,58,thomas53@beasley-pruitt.com,7443395065
304,Katie Edwards,61,patrick28@hotmail.com,(180)483-5936x85870
305,Jacqueline Roy,39,sharonrobbins@delgado.com,001-319-267-5434
306,Meagan Kaiser,38,pjackson@gmail.com,555.331.7148x175
307,Susan Rodriguez,40,hbanks@williams-collins.net,369.784.5914x51144
308,Ariana Peterson,56,carsoncharles@crane.org,745.554.1507
309,Mia Schmidt,59,fgonzales@morgan.com,575.077.1367
310,Robert Gallagher,52,ireyes@mcguire-taylor.com,602.902.4739x29594
311,Richard Vargas,35,dreid@gmail.com,555.603.7914
312,Tracie Olsen,55,uhart@williams-dixon.com,+1-562-209-4350x009
313,Amy Nicholson,21,pgarcia@yahoo.com,(684)453-6098
314,Jennifer Floyd,49,gatesbradley@potter.org,275.286.2259x236
315,Amy Murphy,69,gibsonlori@gmail.com,+1-080-315-1847x8543
316,Kayla Mcgee,28,sweber@burton-smith.info,+1-824-686-7083
317,Mary Casey,28,gibsoncarlos@coleman-goodman.com,765.783.1287x965
318,Tyler Brown,26,wjimenez@gmail.com,(163)427-0364x86199
319,Alexandria Lewis,33,leahwilliams@white-turner.com,841.776.5655
320,Jennifer Park,36,jcooper@hotmail.com,+1-246-007-4966
321,Melissa Young,29,jeffrey69@hotmail.com,(345)892-7187
322,Russell Clements,66,fgeorge@yahoo.com,+1-139-963-7118x03629
323,Brian Green,45,brianfisher@yahoo.com,(787)045-1332x97252
324,Jacob Moore,55,shawn85@thomas-smith.com,4137904672
325,Wanda Ingram,53,pbennett@hotmail.com,127-858-2369x857
326,Bradley Stuart,24,blankenshipkenneth@gmail.com,001-040-807-4146x4179
327,Taylor Carter,46,caitlinfox@blackburn-hanna.org,117.339.2064
328,Maureen Sanchez,48,barberrebecca@gmail.com,+1-899-411-0298x89219
329,Kimberly Scott,18,johnstonjon@sanders-reynolds.com,617.835.8569x617
330,Regina Rojas,48,crawfordmegan@hotmail.com,8822581054
331,Laura Martinez,62,david85@alvarado.net,475.682.7648x293
332,Richard Chan,53,marie63@montgomery.com,(749)392-0978
333,Rebecca Adkins,37,paynejeanette@yahoo.com,001-511-863-3427x337
334,Eric Murray,60,briantorres@yahoo.com,514.285.7154
335,James Nelson,57,myang@hotmail.com,399-075-1042x3101
336,Kimberly Sanders,43,njohnson@hotmail.com,643.682.7244x7606
337,Mr. Justin Taylor,60,marshdaniel@gmail.com,159-456-8636x329
338,Denise Moore,64,williamsemily@keith-myers.com,011-906-2293x99065
339,David Delgado,41,ronaldgarcia@hawkins.org,(337)553-3671
340,Amanda Howell,62,vincent54@stone.org,319-774-5916
341,Kelsey Walters,63,eware@fox.com,(371)489-7388x3195
342,Patrick Davis,46,campbellrobert@moyer.com,(188)461-5475x06556
343,Cody Dominguez,42,jennifer75@bennett.com,(789)498-0178x1869
344,Emily Armstrong,38,mcgeeamanda@hotmail.com,285-850-9499
345,Christie Nichols,70,thompsonduane@gmail.com,+1-432-602-3671x5751
346,Jillian Brown,52,crystalwilliams@gmail.com,5076422451
347,Sandra Marquez,42,gregory90@gmail.com,+1-119-382-0169x139
348,Lauren Taylor,50,johnroberts@yahoo.com,736.145.4820x16158
349,Hannah Kerr,52,zunigakari@booth-hart.org,368.731.1425
350,Christian Pena,39,mfranklin@wilson-reynolds.com,271-024-8668x77145
351,Timothy Stevens,61,millermia@gmail.com,8722373596
352,Cesar Carrillo,22,itucker@hotmail.com,+1-225-929-5848x4381
353,Megan Weber,45,wroberts@murphy-jordan.com,942.069.5454x0565
354,Daniel Mora,45,laurenbeck@smith-neal.com,944.120.6149
355,Erin Wilson,38,santiagojennifer@hotmail.com,001-145-311-6683
356,Sally Johns,27,perezmelissa@yahoo.com,094-640-5053
357,Joseph Walker,48,tim30@mitchell-barnes.com,+1-443-884-1268x573
358,Michelle Smith,59,tara45@yahoo.com,+1-426-879-2330x41521
359,Stephen Bray,56,nicoleconner@jordan.info,001-673-447-1475x87585
360,Matthew Ellis,63,xwheeler@alexander-li.net,(825)421-5762x34229
361,Elizabeth Moss,24,ustokes@fox-johnson.net,(938)047-6086x7383
362,Mark Williams,37,bakerjuan@king.info,(352)502-2226
363,Joseph Willis,33,joneskimberly@garza-patel.com,001-109-380-6991x2002
364,Scott Maddox,48,tammy51@ramsey.net,(708)032-9438
365,Erica King,48,weaverjose@yahoo.com,001-401-883-6990
366,Caleb Davis,53,jonathan08@gmail.com,640.858.7411x62556
367,Bonnie Baker,49,jeffreymcdaniel@yahoo.com,(072)971-9476x3034
368,Matthew King,31,nmccullough@hotmail.com,600.762.4924
369,Jessica Torres,53,alicia16@gmail.com,9939887737
370,Amanda Knox PhD,60,tmartin@ayers.com,258-484-4517x632
371,Todd Smith,37,patrick49@gmail.com,001-811-463-7275x94151
372,Hannah Pratt,67,brendawells@yahoo.com,001-950-768-6835x7909
373,Jennifer Jacobs,53,david09@johnson.net,709.387.4435x723
374,Anthony Mcdonald,33,david25@roth.com,001-959-999-7112x693
375,Robert Bauer,35,hoffmanmark@little.com,(534)001-8430x232
376,Joshua Turner,42,bradley32@yahoo.com,081-988-5534x3351
377,Jason Klein,44,berryapril@yahoo.com,694.953.8980x1633
378,Jared Mendez,50,taylornicole@townsend.biz,809.206.4285x75108
379,Bradley Bowers,55,jasmine01@yahoo.com,(693)719-3987x763
380,Christine Jenkins,34,kristine45@wilcox.com,379.059.5545x17410
381,Eric Hubbard,31,kyoung@hernandez-gonzalez.com,308.902.8336
382,Ashley Smith DDS,27,wuamanda@yahoo.com,(330)091-6078x343
383,Justin Campbell,43,nhernandez@gmail.com,866-424-3090x42736
384,Benjamin Morales,39,smithmatthew@jones-may.org,001-081-059-1173x21779
385,Ricardo Strong,26,amanda04@lee.info,001-649-627-2037
386,Anna Wright,70,ccharles@yahoo.com,230-896-5915x12125
387,Kenneth Gregory,55,bmitchell@bailey-rodriguez.net,(718)591-1871x1183
388,Kimberly Martin,54,cmyers@hotmail.com,(780)244-3942
389,John Turner,62,eharrison@delacruz-james.net,129-378-2658
390,Laura Roman,60,ymurphy@yahoo.com,064-449-0739x15537
391,James Zavala,49,jbailey@young.com,101.413.0542x5326
392,Heidi Rodriguez,58,collinjohnson@yahoo.com,825-155-7152x392
393,Kaitlin Howard,63,kristopher46@yahoo.com,816.814.3920
394,Brandi Howard,41,wrightmargaret@yahoo.com,200-402-3109
395,Tammy Campbell,36,shane60@yahoo.com,562-571-3502x6383
396,Michelle Fischer,23,steve30@hotmail.com,001-636-557-0059x83341
397,Carla Adkins,18,santosshawn@fowler.info,492.820.4935
398,Charlene Salazar,63,claytonjason@gmail.com,001-139-695-8611x9011
399,Amanda Young,29,liudaniel@powell.com,+1-663-264-0339x43011
400,Edward Daniels,42,ubecker@riley.org,+1-183-154-9535
401,Tammy Vaughan,31,darlene60@gmail.com,(494)125-8602x27643
402,Sarah Johnson,37,peter78@bauer-booker.org,448.935.6957x731
403,Jason Shaw,27,hjohnson@moore.org,001-470-850-3176x7378
404,Laura Roth,37,lewisjames@yahoo.com,716.601.3064x38734
405,Jonathan Flores,47,sanfordandrew@gmail.com,+1-219-120-4685x55566
406,Tasha Peterson,19,vsmith@yahoo.com,319.309.3464
407,Ryan Miller,55,ryan85@gmail.com,+1-303-628-7321
408,Julie Williams,67,perkinskayla@perry-williamson.org,308-526-4684
409,Daniel Hawkins,29,steven85@gmail.com,001-124-556-4270
410,Taylor Levine,22,jeffreyking@sanders.org,425.204.3652x35141
411,Laurie Henderson,35,edwardsheather@romero-kane.com,001-964-401-7985x7608
412,Lori Schaefer,19,zchavez@greene.org,001-883-872-6380x742
413,Tracy Lopez,27,zboyd@martin-palmer.net,165-062-1535x86048
414,Daniel Bolton,65,james69@yahoo.com,169-485-8854x4258
415,William Gonzales,23,nicolemiller@yahoo.com,(472)027-0987x512
416,Theresa Heath,57,kyle76@english-johnson.com,171.574.3010
417,Michael Miller,20,pharper@gmail.com,737-241-8932x42511
418,Cheryl Richards,56,orrsheri@brown-colon.com,(153)709-5548
419,Tammy Stevenson,53,sheenamitchell@sloan.org,8625317920
420,Sara Wilson,36,matthewthomas@hart-waller.biz,668.734.5594x66734
421,Nicole Collier,49,fuentesjames@sanchez.com,602.078.4311x1264
422,Christopher Bond,66,meghan39@miller.com,(516)382-8228x976
423,Dana Mendoza,67,charlesaguilar@yahoo.com,158-943-8028
424,Christopher Jennings,49,brucegordon@yahoo.com,001-589-258-3755x088
425,Brian Davis,25,twilliams@dominguez-walker.biz,079-850-4332
426,Kimberly Peters,62,amy30@hotmail.com,001-330-344-1430
427,Tyler Davidson,53,ksantana@hotmail.com,716.827.9100
428,Desiree Morgan,31,joyce71@hotmail.com,890.060.8371x7130
429,Anne Jones,59,david14@yahoo.com,+1-145-676-4107x16415
430,Tiffany Hopkins,26,kristin82@hotmail.com,+1-513-496-8836x92855
431,Jennifer Alvarez,31,john97@bailey-villa.com,001-112-829-9088x97016
432,Michael Wallace,64,amandamarshall@benitez-anthony.com,+1-881-922-1654x2433
433,Hunter Baker,51,aklein@owens.com,540.865.0873x61823
434,Melanie Braun,24,qjohnson@gmail.com,(515)924-5771x96803
435,Bethany Carroll,68,newmanvalerie@hotmail.com,+1-708-000-4999x492
436,Debbie Martinez,60,jerrycruz@arnold.com,069.222.3961
437,Kayla Hoffman,49,corey44@huff.org,(695)852-3426x08603
438,Emily Ruiz,21,michael96@weber.com,+1-047-286-2704
439,Natalie Brown,62,richard87@yahoo.com,340-252-2199x3858
440,Bryan Rice,38,draymond@maxwell.com,001-249-400-9451x8929
441,Meghan Mckenzie,36,kaufmancody@carlson.com,001-991-644-9549x4860
442,Tammy Graves,27,sanchezrobin@hotmail.com,2781219799
443,Lawrence Chaney,28,denise92@hotmail.com,242.765.0229x788
444,Christine Moore,20,kyle67@wagner.com,073-036-9208x2748
445,Jeremiah Wright,51,joseph43@campbell.com,(430)854-5500x6520
446,Eric Peck,36,markjohnson@gmail.com,8156632721
447,Kenneth Harper,31,parkmolly@gmail.com,001-433-994-2637
448,Timothy Owens,60,belljeffrey@gmail.com,+1-159-251-1652x42563
449,Tamara Gomez,69,kathyhaney@hotmail.com,552.736.4174x43253
450,Andrew Powell,54,jtaylor@gmail.com,191-853-0771
451,Rhonda Camacho,25,kpowell@yahoo.com,+1-767-768-5664x90136
452,Matthew Watson,65,salasjulia@gmail.com,109-409-2571x68864
453,Jessica Vaughn,29,yjensen@hotmail.com,(276)240-7684x1445
454,Denise Wong,59,joseph64@gmail.com,(620)479-6577x36095
455,Glenn Richardson,68,stephaniebrown@yahoo.com,001-986-111-1112
456,Gregory Summers,50,psolis@gmail.com,001-115-727-4336x1686
457,Kevin Peters,57,rileyray@hernandez-morales.biz,757-570-8807
458,Anne Thomas,55,kristen70@yahoo.com,(076)586-9504x718
459,Angela Bailey,57,jefferyrichardson@hotmail.com,001-160-648-8113
460,Daniel Johnson,29,friedmanmary@yahoo.com,(559)380-2117x533
461,Brittany Baker,18,brandonrobbins@yahoo.com,312-012-6901x8790
462,Rhonda Romero,46,virginia96@ramsey.com,(013)482-2558
463,Richard Prince,65,qmanning@ellis.com,980.209.3742x83921
464,Brenda Gibson,25,michaelfisher@lopez.com,(811)747-7583
465,Joshua Jackson,23,calebgibson@strong-benson.info,(532)153-5456x405
466,John Ayers,25,shari80@hotmail.com,949-547-1109
467,Lynn Miller,54,jonathansmith@hotmail.com,+1-195-142-0823x860
468,Abigail Bond,65,lonniemcclure@webster.com,+1-902-160-2722x65596
469,Michele Schmidt,52,bswanson@tucker.com,965.438.7575x06991
470,Lindsey Pierce,36,wendy11@gmail.com,+1-927-393-3573x1969
471,Luis Bernard,28,hjarvis@gmail.com,+1-930-344-4400x117
472,John Meza,42,donnajoseph@fisher.com,+1-610-700-3357x91982
473,Michelle Dennis,48,russelllawrence@hotmail.com,+1-760-317-9331
474,Terry Palmer,33,joseph97@hopkins.com,908.489.8200x7092
475,Lisa Rojas,49,qgould@yahoo.com,+1-506-280-4163x722
476,Erica Duran,31,zwalls@williams.com,001-846-801-6271x513
477,Kelly Livingston,46,jeffrey67@thompson.com,001-064-760-6703
478,Gina Lee,59,shernandez@smith.biz,0396223944
479,Rebecca Burgess,19,nicholas59@gmail.com,001-129-200-9749x089
480,Charles Barber,51,robinbowman@campbell.com,+1-225-968-3081x216
481,Sarah Baldwin,60,lewislauren@brock-harrison.net,(405)961-0687x335
482,Ann Castro,36,katrina88@hotmail.com,160-835-8543x6843
483,Michael Clarke,31,arthur44@hotmail.com,+1-598-459-0867
484,Angela Rivas,67,gkrueger@gmail.com,(788)071-9050x19923
485,Kayla Jensen,18,ylamb@gmail.com,396-825-0780x87544
486,Jennifer Fletcher,50,kristinadouglas@hotmail.com,(691)536-4610x88328
487,Kimberly Medina,66,angela33@gmail.com,001-004-880-1738x164
488,Melissa Dawson,61,weaverrebecca@gmail.com,3768574544
489,Aaron Oneill,19,cruzvictoria@yahoo.com,(053)684-0642
490,Sheila Ramirez,53,yhill@yahoo.com,(560)915-4886x941
491,Elizabeth Combs,33,omyers@franco-daniels.com,(645)353-0401x0608
492,David Gray,20,daniel01@gmail.com,450.493.3187x75193
493,Brenda Davis,42,timothy70@barnes.net,6948285778
494,Candace Austin,59,gregoryjared@farrell.com,(387)864-1164x05945
495,Robert Griffith,66,kellyjoe@diaz.com,458.888.9538x0381
496,Dana Hansen,38,tonimaxwell@cox.org,881.766.0134
497,Mary Livingston,40,fsharp@hotmail.com,(477)145-5635
498,Juan Wilkinson,38,sperez@jefferson.com,+1-411-808-1877x874
499,Dr. John Fisher,38,jorgecasey@james.com,(294)703-8398x484
500,Benjamin Watson,41,mistysmith@hotmail.com,423.967.0759
501,Jasmine Dominguez,29,ibooker@cook.info,3533414085
502,Eric Reynolds,48,tyler45@francis.com,+1-101-471-3158x951
503,Mr. Wesley Alvarez,42,lisabarker@carlson-malone.com,001-203-597-4409
504,Jacqueline Jones MD,57,melissa44@lee.net,(973)731-4800
505,Valerie Walton,49,barbara26@gmail.com,053-616-4225x60837
506,Natasha Irwin,49,stephaniehayes@willis-white.com,158-232-9692x878
507,Colin Edwards,51,austindavid@gmail.com,+1-403-875-8379
508,William Abbott,25,wspencer@gmail.com,949.441.8837x8988
509,Austin Wallace,50,michaela79@meyer.com,158-898-9220
510,Erica Bell,33,wcontreras@roth-miller.com,(332)965-4941x810
511,Carlos Thomas,57,webstercrystal@hotmail.com,(863)778-9498x40379
512,Jasmine Smith,49,gparker@stewart.info,839-039-9848x3695
513,Sean Brewer,27,barneskeith@hotmail.com,833.663.5247
514,Samuel Clayton,31,roachpamela@graham.com,(356)282-7403x807
515,Robert Jones,51,rodriguezmichael@hotmail.com,293-924-7063
516,Christina George,53,rachel11@barker.org,+1-393-087-2030x787
517,Meghan Scott,46,mary88@gmail.com,739-332-8595
518,Mary Manning,43,gwhite@hotmail.com,001-950-087-0405x02694
519,Rebecca Montgomery,56,marshalljacob@gmail.com,(606)012-1015
520,Jill Williams,51,reyesshirley@roberts.org,(871)503-1606x609
521,Christopher Carroll,33,aaronwagner@yahoo.com,(065)194-0071
522,Angela Johnson,53,carlossaunders@gmail.com,452-750-3369
523,Joseph Ramsey,26,donaldsonlisa@gmail.com,989.227.5707x4815
524,Bobby Mcdowell,36,xsosa@carroll.com,+1-208-831-7417x9598
525,Tracy Mercado,19,whitneybell@hotmail.com,+1-200-074-1828x20716
526,Stephanie Faulkner,30,murphyrobert@yahoo.com,(146)154-3414
527,Bethany Thomas,33,isexton@gmail.com,(934)866-3310
528,Christopher Goodwin,54,megan90@miller.biz,383-267-1618x2396
529,James Contreras,19,amanda14@gmail.com,464.290.7941x1600
530,Tina Ferguson,57,webbvalerie@tate.biz,457.325.1008
531,Joseph Cook,67,kelseyshea@gray.net,9933127865
532,Kelly Sexton,64,michaelriley@hotmail.com,+1-230-643-6899x687
533,Caroline Martin,20,mitchelljohn@yahoo.com,239.003.7926x4322
534,Kevin Scott,65,gparks@yahoo.com,(935)169-2848x4110
535,Austin Barnes,61,margaret18@wade-fuentes.com,516-434-1034
536,Kelly Foster,30,mmitchell@yahoo.com,+1-480-515-4354x97163
537,Christopher Lewis,26,jmunoz@yahoo.com,803.608.9684x975
538,Phillip Robbins,35,brownjose@turner-wilson.com,001-845-030-0709x405
539,Cynthia Davis,19,tranfranklin@yahoo.com,(819)242-7202
540,Wendy Wright,20,rivascynthia@mathews.info,(161)705-2111x133
541,Phillip Campbell,50,garciabrandon@maxwell-shaw.net,8659487636
542,Katherine Quinn,34,basschristopher@hotmail.com,+1-718-419-7989x77592
543,Diamond Mccarty,29,meganmunoz@stanley.info,341.551.3285x626
544,Lisa Brown,62,patriciajimenez@hotmail.com,(286)810-2861
545,Matthew Roberts,61,jeanette31@ferguson.com,001-068-356-5439x1819
546,Debbie Moore,45,poncedarrell@gmail.com,296-305-4099x417
547,Edward Andrews,55,tatedanielle@valencia.info,185.145.3110
548,Jeremy Sandoval,62,cwarren@warren.info,379-340-0198x8930
549,Tyler Salazar,41,wellsronald@gmail.com,285.880.2499
550,John Gilbert,44,roy26@gmail.com,+1-764-486-2668x330
551,Sandra Sutton,39,amber63@gmail.com,2604426807
552,Linda Jordan,28,gary36@davis.com,(441)363-6125x973
553,Randy Ruiz,36,sherimoss@williams-logan.com,936.089.1770
554,Joseph Hall,25,zvincent@yahoo.com,188.542.4023x86215
555,Tyler Smith,22,jaclyn12@campbell.com,+1-723-862-7512
556,Adam Anderson,59,gwhite@farley.biz,(602)931-1841x9191
557,Ashley Lamb,50,aanderson@conway.com,(878)061-7242
558,Anthony Douglas,20,staylor@steele.com,2800558381
559,Thomas Joseph,45,geraldsmith@yahoo.com,+1-945-861-2645x31559
560,Brian Reeves,32,johnhines@yahoo.com,+1-455-061-1600x4521
561,Trevor Price,18,amycarpenter@smith.com,(553)995-3969
562,Felicia Olsen,60,martha30@yahoo.com,252.594.4181x9139
563,Richard Mata,25,richarderic@ho-howard.com,071-353-7153x27104
564,Dwayne Gomez,68,michael08@yahoo.com,(584)754-2483x6937
565,Dr. Malik Webster,68,paul22@gonzalez.com,479.843.4295x5615
566,Robert Wilkins,55,ryanlisa@gmail.com,5154292998
567,Levi Allen,24,clee@gmail.com,392-133-7068x45994
568,Devin Rodriguez,37,bentleyjason@green-hanna.net,001-766-943-6785
569,James Martinez,67,cheryl55@gmail.com,424.768.0078
570,Jamie Anderson,24,andrea02@mcgee.org,+1-728-039-5419x729
571,Miss Denise Martin,24,madisonhoover@hotmail.com,110.878.6279x38344
572,Stephen Fischer,20,michael36@ponce.com,840-642-6897x080
573,Andrea Durham,25,scastillo@dean.info,036-930-5196x0492
574,Matthew Mclaughlin,41,ronald46@campbell-martinez.biz,(869)239-3870x4243
575,Monica Anderson,18,stonewilliam@gill.info,001-261-676-6123x5723
576,Kenneth Ibarra,57,wilsonjohn@gmail.com,001-836-205-2927
577,Robert Ramos,59,julie35@gmail.com,(706)022-3071
578,Christopher Moreno,57,amycampbell@brown.com,001-499-349-9151x04142
579,Andrew Taylor,50,michaelwoods@hotmail.com,307-796-4148
580,Heather Bryant,57,joseph58@yahoo.com,+1-199-955-2272x682
581,Robert Knight,54,brian40@hotmail.com,(180)273-2056
582,Billy Hancock,55,hollychandler@ware-jones.org,001-374-818-4831x590
583,David Chavez,69,gainesjeffrey@mooney.com,1043891999
584,Tara Buckley,57,michael10@bishop.com,755.211.2303
585,Troy Savage,30,lisa84@rivas-anderson.com,001-029-842-3594x200
586,April Benson,65,qthomas@robertson-martinez.com,001-796-611-3865x220
587,Jonathan Fernandez,66,jenniferramirez@arellano.com,956.516.1089x65804
588,Juan Morris,27,hcisneros@lara-arnold.com,001-920-846-0989x552
589,April Green MD,64,boydholly@gmail.com,(086)869-7552
590,Kristin Flores,51,william44@hotmail.com,1369572274
591,Sabrina Valdez,24,david91@reyes-chan.com,+1-462-668-2297x0093
592,Ryan Davis,33,mary11@hotmail.com,001-604-667-7285x704
593,Joshua Farrell,66,anthonyrodriguez@hotmail.com,(418)579-0905x121
594,Susan House,59,fshaw@hartman.com,(766)226-5131x8301
595,Jasmine Douglas,26,shanewarner@frank-murphy.com,5057863575
596,Adam Hart,20,carrie63@yahoo.com,4748182959
597,Michael Flores MD,24,taylornicholas@west.com,255-268-3714x7919
598,Timothy Lewis,53,allisonford@yahoo.com,001-276-732-4635x2769
599,Linda Nunez,25,sean53@hotmail.com,534-142-3060
600,Terry Chang,55,sullivanglenn@black.com,825-704-6775x122
601,Charles Spencer,37,christopher24@gmail.com,767-245-3576
602,Andrea Wilson,35,brittney30@ray.net,001-861-501-5345x53788
603,Michele Gonzalez,23,larry90@yahoo.com,8655795256
604,Timothy Grant,70,ryananderson@matthews-rice.com,0574559249
605,Antonio Solis,45,nicholasthomas@gmail.com,4404328300
606,Alex Mathis,29,dylanespinoza@hotmail.com,(395)369-7983x6921
607,Amanda Swanson,59,sarahcuevas@oneill.com,369.473.5919
608,Tom Lopez,26,whiterebecca@yahoo.com,+1-187-079-6144x487
609,Russell Medina,38,hernandezloretta@yahoo.com,+1-836-674-1111x24095
610,Michael Vance,69,kathryn99@yahoo.com,9928310515
611,Tiffany Larson,34,jacob69@washington.com,+1-601-124-9059
612,Michele Lee,36,jaredmahoney@cain.com,(695)157-2479
613,Stephanie Mcdonald,52,katherine45@rodgers-simmons.com,491-556-0537x0007
614,James Jacobs,49,hunter43@monroe.biz,+1-768-911-9025x129
615,Michael Hicks,32,sarahjenkins@gmail.com,262-298-3835
616,Andrew Eaton,20,mary35@dunlap-garcia.com,446.193.4175x59262
617,Jeffery Hernandez,28,bweaver@gmail.com,2096922631
618,Mary Barnes,52,sara14@mitchell.com,659.929.8467
619,Micheal Lee,63,jmartin@yahoo.com,318-938-3621x4535
620,Jeffrey Pearson,18,robertayoung@crawford.com,757.071.8348x723
621,Barbara Wilkerson,67,lopezmichael@hotmail.com,+1-634-707-9700x4706
622,Micheal Harrington,52,kristenleblanc@gmail.com,001-764-343-8671
623,Mrs. Christine Berry DVM,34,aaronnavarro@gmail.com,691-897-3563
624,Jennifer Long,23,glendasullivan@jackson-fox.info,986.612.6785x119
625,Amanda Fitzgerald,22,nolanelizabeth@hotmail.com,+1-583-768-2773x33139
626,Erika Dickerson,34,ndavis@luna.com,508.503.9388x662
627,Kimberly Hampton,29,orobinson@yahoo.com,697.318.6164x0160
628,Kelly Vazquez,70,fbutler@yahoo.com,001-486-726-2868
629,Gregory Jones,51,kvaughn@gmail.com,001-521-372-6490
630,Justin Leonard,26,sarah80@yahoo.com,(742)202-5254
631,Taylor Dorsey,52,phillipmccall@harper.com,001-708-591-9927x725
632,James Rodriguez MD,64,chill@yahoo.com,908-494-0834
633,Justin Harris,41,carolyn35@hughes.com,+1-547-723-8413
634,Julia King,35,lgay@beltran-gomez.com,+1-659-024-5952x947
635,Dustin Garrett,29,monicadawson@gmail.com,183-814-1849x9088
636,Richard Petty,70,ycampbell@gmail.com,(381)431-1612x217
637,Bailey Tucker,19,kyle50@donaldson-gross.net,001-893-108-7545x6115
638,Stephanie Jacobs,63,dcooper@gmail.com,+1-517-660-7830x769
639,Andrew Solis,18,chelseawright@hotmail.com,+1-196-542-8074x2923
640,Edward Ferguson,49,ovasquez@gmail.com,(820)440-5266
641,Susan Cox,70,lewislauren@flores-evans.com,(266)369-9617x759
642,John Gonzalez,50,williamramirez@cameron.com,001-481-840-2558x0568
643,Kim Murray,64,laura76@yahoo.com,+1-838-870-5889
644,Seth Gomez,60,garciaronald@ruiz.com,(828)641-6378x3991
645,Sheila Romero,56,harriscody@hotmail.com,+1-511-298-5545x3997
646,Dr. Pam Friedman,62,gonzalezjulia@hotmail.com,001-780-843-9533
647,Nicole Beltran,24,cwood@yahoo.com,1140844965
648,Paul Sanders,27,skeller@lara.com,+1-584-859-7955x882
649,Dominique Mckenzie,53,drakelauren@carey.com,083.893.8580
650,Melissa Garcia,46,robertscharles@hotmail.com,986-010-0206
651,Andrew Jackson,20,nicholasbuckley@yahoo.com,476-998-1282
652,Matthew Robinson,45,john36@green.com,488-225-1484x877
653,William Herman,24,bakerdavid@cannon.biz,001-056-769-7563
654,Brian Solis,44,scottjohnson@yahoo.com,(188)173-0785x03439
655,Scott Butler,33,waltersapril@yahoo.com,(003)171-7058
656,Jordan Stewart,66,michael37@ortiz-jones.info,+1-219-178-8379
657,Christina Fuentes,68,armstrongmichael@hotmail.com,398.788.3967x9629
658,Michael Hawkins,49,michaelharrell@griffin.com,+1-769-653-7375x839
659,Joseph Mcintyre,65,xbaker@hotmail.com,(583)986-2666x8212
660,Shawn Thomas,52,joshuawong@ray.net,(849)069-7139
661,Charles Davis,49,donaldfoley@yahoo.com,+1-166-630-6560
662,Amber Soto,48,joshua58@ramos.biz,+1-466-378-6790x079
663,Catherine Garcia MD,46,ptaylor@hotmail.com,001-166-369-2812
664,Tammy White,37,carterkristopher@williams-shaw.com,001-491-110-3976x7051
665,Joseph Vargas,33,cassandra59@gmail.com,934.613.3307x1667
666,Jack Park,46,cindy20@yahoo.com,+1-056-123-8257x5409
667,Katherine Quinn,48,lovetonya@gmail.com,030.177.1219x74739
668,Jenna Hebert,61,zgordon@wood.com,113.994.5329x041
669,Diana Torres,55,sethjohnson@casey.biz,+1-571-844-1253
670,Robert Howard,57,erandolph@dunn.com,054.695.3128
671,Shawn Haas,31,qdorsey@hotmail.com,550.777.1555x607
672,Marissa Gibson,52,andrea76@carrillo.com,001-605-782-7509x651
673,Sara Bernard,29,cesarreese@gmail.com,278-602-6969x9766
674,Sean Dennis,30,yarnold@yahoo.com,6630520444
675,Douglas Collins,36,josephavila@freeman.com,+1-613-647-1613
676,Dennis Williams,29,qscott@gmail.com,(576)093-4564x58512
677,Jacqueline Lawson,64,lhardy@day.org,388.179.4930x133
678,Jeffrey Carey,52,nicholsgrace@hotmail.com,042.991.2488x20300
679,Angela Jackson,25,jacksondouglas@alvarez-solis.com,+1-892-619-8613x4562
680,Julie Cox,65,ushepard@hotmail.com,(464)677-6477x22158
681,Larry Dean,57,crosbyjennifer@yahoo.com,(995)057-9973x6762
682,John Murphy,38,hjohnson@harvey.com,7566748715
683,Jessica Higgins,27,justin01@gmail.com,841.931.9582
684,Charles Acevedo,34,camachovictoria@yahoo.com,629-940-7500
685,Sarah Robinson,54,gregory26@gmail.com,885-667-8253
686,Christopher Grant,57,felicia51@kirk.info,001-405-934-9573
687,Eric Lewis,49,jose54@carney.net,067.445.7711
688,Richard Wheeler,21,ljones@jones.net,001-591-451-7021x17431
689,Timothy Baker,30,robert57@hotmail.com,695-438-2366
690,Michele Henderson,61,ggonzalez@chase-perkins.biz,(633)488-3960x151
691,Kenneth Henson,39,shawnmckinney@yahoo.com,+1-294-150-7146x9683
692,Martha Villa,30,tina71@yahoo.com,770.005.2679x42676
693,Jared Pierce,37,ashley56@mcbride-ward.com,+1-087-531-1871x8320
694,Paul Lopez,66,hulldavid@beasley.com,5621304319
695,Jason Hutchinson,24,williamsashley@gmail.com,4018988603
696,Troy Arias,56,richard58@hotmail.com,825.286.9201x1270
697,Dawn Fernandez,46,wgreer@king.net,361.405.1927x70261
698,Kristen Stewart,45,davidglass@hodges.org,854.750.7098
699,David Sanchez,28,carlos18@delgado-barron.com,001-818-129-0466x9938
700,Luke Gilmore,35,jchavez@yahoo.com,1346839354
701,Timothy Williams,26,patrick00@hamilton.com,413.014.3580x1526
702,Craig Perez,51,williamsryan@gmail.com,635-050-4929
703,Aaron Long,40,zbrooks@hotmail.com,(972)253-0244x151
704,Brett Bruce,70,megansmith@phillips.com,115.969.9063
705,Heather Morales,26,ricesteven@yahoo.com,(709)900-1055x914
706,Linda Burton,24,kathleen24@may.org,(296)237-4636
707,Caleb Welch,35,hjohnson@rodriguez-vaughn.org,975-422-7133
708,Richard Lopez,47,johnsonnicholas@davis.com,(710)621-8297
709,Samuel Haley,26,ukim@yahoo.com,001-275-585-6530x7137
710,Nicole Gibson,69,qcastillo@sanford.org,+1-421-652-2442x0790
711,Amanda Ruiz,61,chandlerdonna@yahoo.com,001-335-731-8610x949
712,Zachary Grant,48,joseph84@paul.com,+1-708-621-3696x023
713,Rebecca Zhang,67,nataliehobbs@hotmail.com,595.356.6579x184
714,Bradley Ramirez,49,barbarahernandez@gutierrez-ford.info,575-836-9983x52302
715,Derek Lopez,51,daniel27@beasley.com,961.318.8422
716,Timothy Porter,42,johnsonjacob@hotmail.com,+1-166-000-3710x25710
717,Barbara Washington,53,christinebrown@williams-terrell.biz,001-855-385-6687x06372
718,Caitlin Valdez,58,kristinashepherd@newton-ewing.net,001-034-163-9586
719,Marie Parks,61,kristina30@smith-francis.org,348.440.6547
720,Kimberly Romero,57,angelabrown@suarez-moore.com,(018)981-2340x009
721,Alexis Adkins,41,dianebrooks@gmail.com,575.488.7916x727
722,Mary Gordon,57,vowens@davis-fuentes.biz,001-519-026-4608x70461
723,Christy Burton,20,uporter@horton.com,001-598-530-1749x098
724,Karen Rodriguez,38,ariasjulia@gmail.com,(393)816-0468x891
725,Tammy Stark,68,valexander@smith-bailey.info,3219504410
726,Patrick Stark,58,kiddjoshua@yahoo.com,269-918-0071
727,Michael Brown,24,moorerichard@hotmail.com,(029)415-5466x95294
728,Mary May,57,courtney58@johnson-wade.com,361.092.7516
729,Natalie Price,48,warreneric@hotmail.com,182-975-2243
730,Jerry Martin,22,emata@flores-aguirre.com,+1-912-276-6482x53102
731,Brian Simon,52,thomas83@hotmail.com,(000)233-5817
732,Larry Wright,51,david99@gmail.com,+1-464-683-7186x014
733,Mrs. Rachel Wells,29,frankstacy@schwartz-ward.org,277.626.0880
734,Melinda Burke,23,michelleosborn@griffith.biz,+1-379-143-3246x449
735,Pamela Zavala,37,smithashley@hotmail.com,297-250-5814x35533
736,Traci Garrett,55,kiddwilliam@jackson.com,(696)421-1270x00922
737,Valerie Burgess,29,haleycarla@liu-mills.net,+1-320-925-4732x7008
738,Jennifer Bolton,63,powelltracy@hotmail.com,+1-127-057-7804x0973
739,Emily Walter,61,hwheeler@glover.com,001-273-534-0563x03686
740,James Branch III,18,christinapearson@torres.org,6073982420
741,Eric Spencer,22,mitchell52@weeks-black.com,001-526-381-9112x0336
742,Andrea Wilson,35,xfernandez@stone-herring.com,001-136-043-8426x554
743,James Flores,43,david69@yahoo.com,001-989-307-3896x443
744,Michael Anderson,40,whitney70@beck.com,(234)793-4022x5475
745,Isaac Robinson,26,mary40@martin-lopez.com,6332671353
746,Bobby Vasquez,34,mitchellaustin@hotmail.com,338-363-0301x3923
747,Julia Bell,45,hendersontravis@gmail.com,809-514-0585
748,Christopher Bryant,51,sergioalvarado@hotmail.com,390.860.1180x1627
749,Charles Marks,59,tamaramcdowell@gutierrez.com,(498)684-9151x02368
750,Shane Fleming,25,wmoses@gmail.com,001-166-188-8137
751,Christopher Sanchez,63,wflynn@dougherty.com,738-215-5208x07070
752,Scott Chapman,21,sandra43@yahoo.com,753-616-9897x939
753,Brian Grant,30,robert63@yahoo.com,+1-430-291-7188x425
754,Sarah Simpson,54,stephanie16@barrera-wilson.org,(007)054-2329x438
755,Willie Scott,52,erose@yahoo.com,(642)347-9894x3202
756,Latoya Gaines,65,gibsonaaron@hotmail.com,134.360.5971x7631
757,Erica Bush,61,hwood@hotmail.com,(982)193-1818x758
758,Shawn Martin,22,ocantrell@hotmail.com,905-899-9067x2926
759,Kelly Smith,32,gevans@yahoo.com,001-103-949-4224
760,Carlos Oneill,32,charris@yahoo.com,(826)057-3690
761,Thomas Fields,50,traciharvey@miles.com,001-688-675-0407x73271
762,Arthur Mosley,68,brookeparker@yahoo.com,861.875.9561x998
763,Kristin Ward,22,scottstephen@cardenas.com,264.381.6618x4716
764,Darren Williams,65,miguel97@hotmail.com,(248)634-5159x78372
765,Eric Smith,20,gregoryyolanda@gmail.com,4557176243
766,Karen Cameron,25,johnsonjames@graham-paul.com,5470861932
767,Amy Jackson,67,ghayes@hotmail.com,001-318-105-9642x43263
768,Susan Reid,38,hosborn@hotmail.com,+1-786-879-3510
769,Benjamin Underwood,26,christophergonzalez@williams.biz,001-547-486-4684x30384
770,Alexander White Jr.,61,davisjoann@king.org,9778413348
771,Donna Jones,32,juan81@bowen-gray.com,001-948-102-4383x35676
772,Kimberly Young,27,dward@yahoo.com,(853)189-7196x60231
773,Dustin Daniels,61,millersteven@peterson-marshall.com,156-155-3116
774,Eduardo Snyder,54,jbaker@bruce.net,673.125.5002
775,Allison Carpenter,28,jenningsroger@bentley-lowe.com,879.656.1594x121
776,Elizabeth Williams,54,frazierronald@yahoo.com,(627)561-9667
777,Virginia Mendez,24,christophercontreras@yahoo.com,001-918-433-3910
778,Juan Barnes,53,linda46@yahoo.com,554-870-3934
779,Judith Andrade,28,douglas74@hotmail.com,903.597.2024x502
780,Michael Patel,49,petersdaniel@hotmail.com,641-346-7841
781,Carrie Henry,51,brittany47@yahoo.com,(234)475-4057x5247
782,Deborah Walker,39,tracy87@hotmail.com,158.524.0656
783,Tyler Jackson,57,qmiller@delacruz.com,(615)076-6591x4479
784,Jasmine Brennan,46,garyperry@randall.net,001-874-008-6563x612
785,Heather Randall,52,eking@hotmail.com,001-407-287-8486x6824
786,Autumn George,40,byrdwilliam@hotmail.com,922-172-4338x2638
787,Diane Wells,65,kelly29@gmail.com,302.749.5581
788,Mr. James Alexander,34,kelly56@yahoo.com,001-187-905-9105x960
789,Eric Cook,69,chad96@henderson.com,942.283.5785
790,Michelle Delgado,43,ibell@yahoo.com,+1-415-290-5742x759
791,Madison Lopez,44,williamwalker@alexander.info,001-506-889-8340x907
792,Krystal Jimenez,25,lisa60@wallace.com,796-149-5540
793,Mackenzie Sullivan,48,wbennett@silva-blackwell.biz,+1-237-324-3105x0445
794,Patricia Snyder,29,stewartcharles@gmail.com,001-541-784-5968x64264
795,Michael Watson,61,dean23@herrera.biz,400-703-6414x638
796,Stephanie Barron,59,alexander23@yahoo.com,(360)020-6398
797,Mary Little,20,carlagarcia@cannon-stone.com,(448)238-5448x241
798,Gina Griffin,41,david81@yahoo.com,001-207-019-8506
799,Jose Castro,57,scottsherry@yahoo.com,001-753-404-2849x24976
800,Heather Johnson,41,xperry@hotmail.com,001-298-508-8682x4631
801,Mike Eaton,26,jennifer91@barnes.org,(027)512-8069x00485
802,Angel Davis,32,enewman@duncan.com,803.734.2567x17483
803,Amy Kennedy,31,watkinspeter@hotmail.com,142.209.4548x14727
804,Beverly Riley,54,catherineperez@yahoo.com,(227)453-5652x8907
805,Regina Morton,54,vickiegreen@yahoo.com,744-379-1002
806,Beth Martinez,57,ytaylor@hotmail.com,568.984.9505x411
807,Eric Leonard,49,bobbywilliams@mason.com,896.273.1480x922
808,Stefanie Lee,38,rogersthomas@howard.com,001-524-538-5174x407
809,Carol Mooney,69,anthony10@gmail.com,(621)997-5177
810,Derek Fuller,36,marcusmelendez@hotmail.com,417-381-9405x01696
811,Kenneth Mendoza,40,ajackson@gmail.com,371-786-3725x8841
812,Omar Clark,36,christophergarcia@yahoo.com,8956871055
813,David Smith,50,kayla05@montoya.com,919.758.6258
814,Matthew Barker,25,chaneyraymond@hotmail.com,(348)966-1946x8421
815,Elizabeth Hall,45,williamsjudy@yahoo.com,(051)687-2619x95426
816,Felicia Brandt,27,tyoung@yahoo.com,(813)468-9960
817,Anthony Wilson,19,laura08@gmail.com,+1-340-085-0214x91781
818,Yvonne Mullins,39,ehouse@shah.org,8591150809
819,Elizabeth Zamora,62,brianwilliams@yahoo.com,+1-946-301-1283
820,Samantha Rose,62,toddjill@goodman.net,(882)122-4132x832
821,Katrina Johnson,40,smithscott@yahoo.com,+1-215-524-2594x4859
822,Ashley Hernandez,37,cooleymark@porter.org,(112)462-5767x56088
823,Andrew Petty,43,whays@acosta.com,676-492-8003
824,Lawrence Young,63,ehuffman@williams.com,282.223.2531x36509
825,Stacey Osborne,46,wendy03@yahoo.com,001-328-209-7577x00375
826,Michael May,53,mwerner@koch.info,+1-382-968-3112
827,David Murphy,63,westsuzanne@swanson.com,+1-563-023-9534
828,Alex Anderson,31,john72@hotmail.com,811-134-7720
829,Holly Booth,63,iyu@hotmail.com,311-863-5334x6179
830,Bryce Moore,41,sierra03@anderson.info,162-118-9650x4790
831,Breanna Thompson,34,gdaniels@bennett.com,(017)034-4172x2200
832,Benjamin Smith,26,clintonwood@smith.com,001-634-238-9281x0915
833,Corey Jackson,56,mark80@marsh.org,+1-804-657-0507
834,Nicholas Baker,27,collinsnathan@mitchell-baker.com,(767)840-7507
835,Suzanne Maldonado,33,yhess@perkins-holloway.info,(752)866-8652x349
836,Amanda Garner,22,reedkelli@smith-bell.org,001-337-559-5641x2887
837,Richard Higgins,43,tonyarollins@yahoo.com,555-207-7070
838,Brian Elliott,64,sanderson@murphy.net,(172)300-0159
839,Nicholas Ramirez,35,qsolis@gonzales-hunter.com,(368)426-7415x85494
840,Julie Robles,32,smithmonique@graham.org,613.374.2763
841,Justin Moore,55,christianblair@yahoo.com,630.423.4589x415
842,Andrea Le,41,gregory70@yahoo.com,843-400-3790
843,Jackie Oliver,62,laura23@wood.com,(880)589-4007
844,Charles Randall,31,james40@riley.biz,067.604.0277x5401
845,Connie Paul,25,rhart@perez-bryant.info,(885)311-4000
846,Pamela Waller,63,dominic89@norman.info,048.790.4230x099
847,Tyler Watts,55,eric80@lee-wong.com,137.557.4854
848,Lindsay Franklin,58,pam54@hotmail.com,455-268-8006x0105
849,Claudia Garcia,32,juan75@shannon.biz,973.905.1399
850,Pamela Hernandez,41,uthomas@gmail.com,7062498841
851,William Santana,49,erin93@coleman-nelson.info,+1-091-762-3519
852,Tyler Chapman,52,gregorywebb@hotmail.com,001-782-416-8142x91058
853,Jill Barnes,33,jeremy04@gmail.com,168.453.3278x00136
854,Olivia Conley,45,freyashley@yahoo.com,2343656410
855,Jessica Phillips,54,martingregory@humphrey-williams.info,542.052.2030
856,Travis Clark,68,larry99@medina-dunlap.org,001-083-445-0203x040
857,Cynthia Cuevas,18,trodriguez@yahoo.com,(518)355-4857
858,Lisa Moore,35,emma18@gmail.com,001-550-297-1353x4756
859,Frances Charles,21,zgeorge@hotmail.com,(621)408-9592
860,Timothy Castillo,20,tstone@hotmail.com,116.387.7878x75009
861,James Jones,43,omar77@mitchell.com,001-793-187-1261x20282
862,Haley Lozano,26,david58@hotmail.com,241-345-5180x9123
863,Christine Ford,68,michael84@walls.com,755.903.0552x8010
864,Victoria Fletcher,18,jeff30@hughes.info,376-370-1133
865,Sarah Williams,26,melissa89@gmail.com,+1-508-312-3827x6745
866,Christopher Moore,68,robinsonchristy@porter.org,849.389.1888
867,Thomas Jones DDS,48,lauramorgan@nelson.org,271-950-6878x956
868,Charles Abbott,33,maryburke@cox-wagner.info,920.703.3663
869,Alyssa Ford,65,terribaldwin@miles.com,001-589-828-5543x40261
870,Matthew Compton,62,davisgeorge@yahoo.com,531.701.6796
871,Devon Lewis,61,qmartinez@hotmail.com,(340)184-2875x4691
872,David Rodriguez,19,josephalexander@gmail.com,7700343496
873,Bianca Newton,41,swilliams@collins.com,871-605-8956x613
874,Linda Clark,40,bobby00@king-golden.com,001-380-256-5301x50181
875,Natasha Morales,55,jrose@hotmail.com,984-683-1610x350
876,Mr. Clifford White,51,fwilliams@martin.com,286.068.4053x531
877,Anthony Scott,39,joanklein@murphy-lopez.biz,+1-713-475-2314
878,Mr. Michael Rosales,46,qconner@gmail.com,(524)565-4835
879,Audrey Cervantes,55,moranwhitney@hicks.com,+1-509-924-4690x2449
880,Bobby Phillips,44,pattersonleslie@chandler.info,+1-755-590-9584x17971
881,Bryce James,68,gabriellefowler@hahn.org,902-857-4290
882,Amber Johnson,63,phamaustin@richards.net,450-144-4093
883,Daniel Ruiz,20,rmyers@hotmail.com,(994)430-6003x7106
884,Michael Blake,22,webbwilliam@higgins-perez.com,258.003.6063x87664
885,John Barnett,62,kingkathy@yahoo.com,+1-713-340-4379x88273
886,Michelle Miller,66,dmatthews@gmail.com,087-952-5452x3788
887,Susan Martinez,63,mary58@castillo-waller.com,001-221-940-4563x3763
888,Monica Sanchez,55,littletimothy@taylor.info,(275)440-7905x7674
889,Aaron Baker,25,harriselizabeth@gmail.com,669-935-5410x188
890,Jerome Hernandez,24,cjenkins@white-flores.info,+1-026-227-3048x3488
891,Shannon Weeks,41,barbara88@yahoo.com,3708224446
892,Cindy Dalton,39,catherineschmidt@hotmail.com,+1-331-860-9657x64189
893,Bruce Williams,57,wileyaaron@gmail.com,(205)585-8059
894,Andre Vazquez,46,ryan07@roberts.com,231.398.2192
895,Zachary Mclean,42,iprice@gmail.com,(850)184-8959x4519
896,April Patterson DDS,37,morrisgary@gmail.com,(864)133-4578x779
897,Matthew Adams,38,clarkmadison@ramirez.com,+1-198-896-9976x08490
898,Kelly Stevenson,61,michelle35@gmail.com,576-567-7651
899,John Fuentes,26,lindsey97@berry.org,737-948-3271
900,Darrell Lewis,30,amanda51@yahoo.com,(730)580-1253x7099
901,Mr. Antonio Miller,68,nstark@mcdaniel.info,(947)553-0274
902,Elizabeth Rodriguez,62,jasmine72@yahoo.com,(161)641-2214x91066
903,Morgan Martin,19,millerdiane@gmail.com,487-593-9046
904,Marissa Rice,37,blevinsmary@hotmail.com,161-379-0454x967
905,Brittany Pearson,37,ronald30@gmail.com,918-692-6941x75059
906,Roger Reyes,69,samanthabird@hotmail.com,(034)609-8483
907,Amy Matthews,50,allen02@evans.net,001-315-641-2145x6699
908,Claudia Hess,60,chasemitchell@strickland-hart.org,888-700-1812x2200
909,Kathleen Boyle,35,cindysmith@pace-mooney.com,+1-805-589-4435
910,Walter Washington,18,daniel36@yahoo.com,001-404-377-4609x25014
911,Victoria Lopez,24,qhowell@gmail.com,+1-893-919-7051x881
912,Fernando Morton,20,opeters@gmail.com,264.431.1004
913,Joseph Arnold,41,qjohnson@yahoo.com,001-620-737-6870
914,Maxwell Robinson,30,derek33@gmail.com,227-661-3537x5112
915,Hannah Robertson,41,teresaperez@hotmail.com,001-817-591-4489x7919
916,Dawn Hunter,51,staceyrivera@ramos-murillo.com,0778043257
917,Tracy Fitzpatrick,44,thomassmith@davis.info,+1-532-077-8380x5372
918,Yvonne Sanders,25,tsutton@yahoo.com,001-890-049-1033x23483
919,Maria Alexander,65,darryl19@stephens.org,(807)806-1365x80544
920,Robert Wang PhD,45,gonzalezsusan@gmail.com,807.270.3302x54584
921,Dustin Diaz,46,cathy95@yahoo.com,+1-003-644-0931
922,Daniel Huynh,52,kevinsmith@hotmail.com,+1-222-610-2015x7067
923,Christopher Cruz,44,millsjoy@english-waller.net,001-085-939-8192x99702
924,Melinda Arias,32,seancarr@yahoo.com,001-051-660-5795x9882
925,Michelle Frye,66,owhite@moody-white.com,(230)470-8013x520
926,Brett Martinez,65,stevemiller@diaz-martin.biz,401.915.4422x63414
927,Victor Morrison,43,robertsilva@hotmail.com,(211)849-5893x9826
928,Dr. Anita Campbell,64,lisa68@yahoo.com,+1-218-165-0773x51480
929,Taylor Henderson,24,iwebb@yahoo.com,(425)627-2359
930,Cathy Ballard,43,michael01@miller.com,832.979.6228x356
931,Deborah Martinez,18,carl81@hotmail.com,942-690-9392
932,Tammy Benton,49,herreracandice@anderson.com,6010370870
933,Hannah Villa,34,bsims@hotmail.com,895.831.0788x5207
934,Ricardo Fisher,23,trujillojason@garcia.com,(360)848-7795x173
935,Theresa Fowler,34,simpsonlaura@yahoo.com,(430)685-0179x4933
936,Nicole Blanchard,55,stacie53@reed.com,814-121-8735
937,Michael Roach,23,xhall@yahoo.com,001-943-290-7558x9795
938,David Best,29,cdavis@yahoo.com,3559808191
939,Carol Torres,53,ajordan@archer.com,551-367-5144x409
940,Elizabeth Howard,62,sparker@yahoo.com,769-886-1387x180
941,Laura Bennett,68,timothy36@hotmail.com,228-575-0039
942,Michelle Stevenson,63,micheledixon@gmail.com,001-945-420-6206x3030
943,Brandon Joseph,50,jenna38@powell.biz,910-259-1930x274
944,Jill Clark,63,ksmith@yahoo.com,001-867-900-8699x4050
945,Kristy Smith,37,chelsea11@walker.com,001-262-444-5582x4733
946,Kristine Roberts,19,michelle68@clark.com,+1-501-024-7937x10369
947,Matthew Garrett,68,levinekimberly@smith.com,+1-509-979-7148x8941
948,Monica Smith,65,charlesholden@gmail.com,378-848-2285
949,James Hansen,62,lisa87@gmail.com,001-093-070-6045x021
950,Kevin Gordon,58,sara29@hotmail.com,582-405-5322x89535
951,Travis Bell,54,justin24@burton.net,+1-135-527-1234x97790
952,Matthew Reid,24,orosario@taylor.info,+1-460-755-6732x876
953,Andrea Campbell,21,medinajorge@ayala.com,185-430-4997x3073
954,Timothy Holden,55,cynthia41@douglas-garza.info,001-907-797-1138
955,James Barnes,61,vyoung@hotmail.com,(946)129-6071x5369
956,Megan White,35,mooremary@yahoo.com,824-754-9389x81567
957,Leah Kidd,56,yanderson@gmail.com,364-031-4002
958,Jonathan Hernandez,20,jessicavillegas@lucas-davis.com,(722)043-4734x864
959,Charles Bartlett,34,stephanie19@yahoo.com,(566)360-3494x06053
960,Julie Serrano,49,tina16@hotmail.com,9549996814
961,Robert Meyer,34,juan26@miller-huang.com,(291)886-6048x42084
962,Kelly Ryan,19,daniel75@west-colon.com,727.126.0654
963,Carl Martinez,33,danielleweaver@gmail.com,+1-919-388-9446x938
964,Melinda Wood,35,anthonyhenderson@yahoo.com,195.222.1726
965,Eric Harmon,32,patelshelley@hotmail.com,484-847-9369x58179
966,Samuel Lewis,19,ashleycasey@smith.com,001-488-856-0014x32368
967,Oscar Ramirez,34,fosternicholas@gmail.com,6023240035
968,Ariana Martinez,35,srangel@hotmail.com,(262)486-4585
969,Kathleen Rogers,50,lorihuerta@west-lowery.com,151.448.2668x2429
970,Emily White,42,smithkevin@yahoo.com,+1-962-105-7016x453
971,Tyler Farmer,21,garrettlarson@yahoo.com,133-289-9239x56177
972,Kristen Santiago,29,tyler32@mathews-gilbert.com,(408)763-4308x557
973,Scott Cox,40,megan90@gmail.com,001-430-056-8608x96126
974,John Reyes,43,deniserussell@eaton.com,3407344268
975,Michael Klein,64,bryansmith@gmail.com,279.545.3595
976,Tyler Dean,64,vhoward@roach.net,293.431.4586
977,Kevin Bright,68,omorton@howard.com,(980)661-7273x5680
978,Megan Park,29,dbrown@reed.com,123.441.0496
979,Jason Davis,59,sean65@hotmail.com,+1-754-599-2342x7065
980,Kenneth Pruitt,45,rushdennis@delgado.com,468-234-5508x319
981,Michelle Johnson,65,dixonpatrick@hammond-wright.org,771-176-6813x15246
982,Elizabeth Hill,58,susanlang@moore-kline.biz,(742)293-5609x444
983,Sara Brady,48,tonicowan@gmail.com,515.641.0623x075
984,Shirley Green,63,kcox@gmail.com,+1-147-915-6041x1885
985,Joseph Hughes,53,parkscynthia@hotmail.com,001-386-341-9489
986,Mrs. Christina Fry MD,67,zhayes@hotmail.com,(503)794-9510x1838
987,Andrea Payne,24,susan25@yahoo.com,001-797-744-1359x77758
988,Karen Howell,38,timothy27@yahoo.com,001-772-165-3537
989,Nicholas Green,18,spratt@gmail.com,(128)700-1336
990,Taylor Garcia,62,kevinmcfarland@yahoo.com,+1-863-484-1837x468
991,Sheryl Wells,34,janice73@gmail.com,001-184-504-2139x79481
992,Ruth Edwards,63,laura91@boyer-wyatt.com,+1-129-210-0852
993,Joseph Sparks,30,jenniferhamilton@barajas-hutchinson.com,+1-705-569-0134x1827
994,Anthony Shah,43,antonioriley@gmail.com,(130)571-6122
995,Patricia Villanueva,45,lbooth@richardson.com,(190)776-8621x0110
996,Jennifer Nichols,28,jamesbishop@stephenson.com,185-019-4805x618
997,Brittney Bryant,54,jaywilson@chandler.com,+1-352-198-5574x780
998,Mason Lamb,57,kevinabbott@clark-henry.com,001-443-334-9632x72758
999,Nicholas Elliott,30,thomas89@brock-mcdonald.biz,848.463.6890
1000,Misty Aguilar,28,steve88@hotmail.com,+1-937-839-1968
